Plant,Urban_area_proximity,PA_id,Plant_id
rice,2.7196142681382,1,1
rice,4.71442732722506,2,2
rice,30.4317364752073,1,3
rice,10.8610712764832,2,4
rice,47.1907767471159,1,5
rice,42.1587347781355,2,6
rice,1.59217182541783,1,7
rice,14.4152798858649,2,8
rice,48.1387717514095,1,9
rice,45.6471529081628,2,10
rice,25.4427636010111,1,11
rice,36.3997513807027,1,12
rice,7.03079761601285,3,13
rice,40.4247179730376,2,14
rice,10.1577768060778,1,15
rice,43.4764654976355,3,16
rice,14.4860824599859,3,17
rice,35.1476240377121,1,18
rice,4.85233034632893,2,19
rice,24.8389496419266,3,20
rice,43.2756501690738,3,21
rice,9.15066302142028,1,22
rice,23.1327454449586,2,23
rice,43.6234741734499,3,24
rice,33.5582125909757,2,25
rice,21.8550429067138,1,26
rice,15.8405943036753,3,27
rice,27.3290560366995,3,28
rice,27.513657535428,3,29
rice,15.7186809740549,2,30
rice,33.4691495665098,1,31
rice,30.4785806631857,1,32
rice,22.9720766161703,3,33
rice,49.8216583401559,2,34
rice,2.91024961693136,2,35
rice,29.8083569858134,2,36
rice,2.10330433070926,3,37
rice,10.362238021056,1,38
rice,3.23534287070023,2,39
rice,8.46941083996486,2,40
rice,44.584299750248,3,41
rice,29.8012721803845,1,42
rice,6.33405691362855,2,43
rice,3.51543813513179,3,44
rice,22.9394467484782,3,45
rice,21.9793870975708,3,46
rice,5.51001401287783,2,47
rice,8.95698727152716,2,48
rice,39.8827717691918,3,49
rice,17.1079893051214,2,50
rice,4.33515674163532,3,51
rice,6.6591356971628,1,52
rice,31.2224222263408,3,53
rice,10.1928710229892,2,54
rice,21.7475079211966,3,55
rice,14.2406413545737,2,56
rice,5.28864497557978,3,57
rice,6.70780512527113,2,58
rice,10.731507879482,2,59
rice,4.53107795835132,3,60
rice,18.2614368227727,2,61
rice,19.0600044879846,3,62
rice,7.73417846366192,2,63
rice,49.1839800785098,1,64
rice,42.9304037446649,3,65
rice,33.3464486766396,3,66
rice,29.336491212143,2,67
rice,33.8782732902111,3,68
rice,11.6791168715759,1,69
rice,40.3708245795274,1,70
rice,6.2034819608466,1,71
rice,4.19498562064287,2,72
rice,29.1251790443742,3,73
rice,49.6837321586677,2,74
rice,4.97042809027239,3,75
rice,27.3841084861135,1,76
rice,6.98364722582536,1,77
rice,34.2221008612155,2,78
rice,36.6528392063107,2,79
rice,38.4767776424712,3,80
rice,27.785248938708,1,81
rice,36.0126161797781,1,82
rice,31.0174199933353,3,83
rice,39.7212475188876,3,84
rice,31.9352971875249,3,85
rice,17.0680908131934,1,86
rice,32.0314009957749,3,87
rice,30.2017425601941,1,88
rice,39.1550905026448,1,89
rice,2.85487535588865,1,90
rice,20.2378475395106,3,91
rice,24.1223820094659,3,92
rice,12.3714653384532,2,93
rice,41.6849953623942,1,94
rice,19.0492819958639,3,95
rice,29.9318519555692,3,96
rice,6.84527043819777,1,97
rice,7.71155575316458,2,98
rice,24.6999161312535,3,99
rice,13.1554692733923,3,100
maize,15.2528762658447,3,101
maize,31.1002280385098,3,102
maize,29.0177445014514,1,103
maize,11.1822312030602,1,104
maize,34.8881523549613,2,105
maize,10.0841322675566,2,106
maize,1.31974422523291,1,107
maize,1.86061607194311,2,108
maize,48.5691309156073,3,109
maize,13.1649157141655,3,110
maize,16.2138984320912,2,111
maize,31.5871292942307,2,112
maize,4.84425856029757,3,113
maize,5.23715405085478,2,114
maize,5.79249429924987,1,115
maize,10.7568250586536,1,116
maize,31.7368207868133,3,117
maize,29.0456035356686,3,118
maize,33.1001069949845,2,119
maize,16.0712640085796,2,120
maize,4.95331248514081,3,121
maize,37.8624698423987,3,122
maize,10.7538394848662,2,123
maize,0.775878150027759,3,124
maize,44.0338405514753,3,125
maize,37.1826442744331,3,126
maize,13.6578518929419,2,127
maize,3.22473932611381,1,128
maize,0.0510002765686468,2,129
maize,27.6174381847089,3,130
maize,8.46301637136704,1,131
maize,34.4542174666623,1,132
maize,42.7566770566556,2,133
maize,18.1639028110841,1,134
maize,28.8958340272641,1,135
maize,42.6695221958153,1,136
maize,49.0787900577654,2,137
maize,40.2098367300814,1,138
maize,9.79670566752637,3,139
maize,31.3938938719053,2,140
maize,27.4007666609846,2,141
maize,30.6132582179098,1,142
maize,49.2386143445958,2,143
maize,38.3495800350275,3,144
maize,17.016915889926,3,145
maize,43.2889097770266,3,146
maize,37.5415777363128,2,147
maize,19.1503936862249,3,148
maize,23.449073423157,3,149
maize,0.415997807100954,1,150
maize,7.01614535552129,3,151
maize,12.8881957884509,1,152
maize,9.70094513455853,2,153
maize,8.56262792129771,1,154
maize,45.4073551748813,3,155
maize,21.4450740063027,3,156
maize,6.91820116397918,3,157
maize,47.9501189717193,2,158
maize,20.9461017281175,1,159
maize,42.7484762134301,1,160
maize,24.9521458793491,2,161
maize,3.28719305233736,3,162
maize,7.82564312158333,2,163
maize,25.5884509728134,3,164
maize,47.2628077011605,1,165
maize,5.05643665204084,2,166
maize,48.9756963631271,2,167
maize,17.6337603026559,1,168
maize,0.745212573090936,2,169
maize,41.7983287873619,3,170
maize,34.2499212718712,3,171
maize,43.3963107063412,1,172
maize,45.2665398305032,1,173
maize,0.322838322378515,2,174
maize,41.525881470215,1,175
maize,46.3834226314975,2,176
maize,22.767171653057,2,177
maize,46.1966903716635,1,178
maize,18.0070600462655,3,179
maize,28.0784919931277,1,180
maize,42.6853736226617,3,181
maize,7.32657329970726,2,182
maize,21.1941505389906,3,183
maize,42.4978348619269,2,184
maize,10.236640286123,1,185
maize,0.907573749483309,3,186
maize,43.6914234956869,3,187
maize,49.4792811159851,1,188
maize,22.8137043725335,1,189
maize,26.338107092766,3,190
maize,24.740264172408,1,191
maize,18.87466219807,1,192
maize,25.516598302408,1,193
maize,37.4533734376517,2,194
maize,28.2393078831481,3,195
maize,25.1077841761709,3,196
maize,6.1797061831319,1,197
maize,9.08235174683006,3,198
maize,8.44976681080236,2,199
maize,21.1941004775373,1,200
chickpea,4.40479604075275,3,201
chickpea,38.3760035905366,2,202
chickpea,41.7005818306217,2,203
chickpea,15.5058075532548,3,204
chickpea,34.1414468349608,2,205
chickpea,26.0678848096031,2,206
chickpea,44.8048735538479,3,207
chickpea,8.3351726033142,3,208
chickpea,25.9191490522114,1,209
chickpea,43.7247895400105,3,210
chickpea,15.1569489159416,2,211
chickpea,40.5491739950942,2,212
chickpea,39.7323848123131,1,213
chickpea,47.6529270220674,2,214
chickpea,26.0982411373586,2,215
chickpea,18.5983743672753,1,216
chickpea,30.8311041403788,2,217
chickpea,5.59880400396319,1,218
chickpea,32.7658651333804,3,219
chickpea,24.0555757556745,3,220
chickpea,25.5710184226225,3,221
chickpea,19.9159563912412,3,222
chickpea,1.65767271146133,1,223
chickpea,23.7270373008281,1,224
chickpea,9.50195456508694,1,225
chickpea,37.3226270040079,1,226
chickpea,12.3340256778874,3,227
chickpea,48.6643163424976,3,228
chickpea,41.2321685714472,3,229
chickpea,38.1970469281065,3,230
chickpea,31.9413221363114,3,231
chickpea,45.0329714138115,2,232
chickpea,30.408181559796,1,233
chickpea,19.3553641944167,1,234
chickpea,18.8492261133486,1,235
chickpea,49.7797569179059,3,236
chickpea,34.8267593463932,1,237
chickpea,6.41899040080741,2,238
chickpea,9.8764648740296,1,239
chickpea,32.8109164080433,1,240
chickpea,19.8556583927535,3,241
chickpea,11.9789862658687,2,242
chickpea,4.52372046459784,3,243
chickpea,34.2722571140397,2,244
chickpea,36.8037546011975,2,245
chickpea,6.89387332055153,2,246
chickpea,39.4941129744868,2,247
chickpea,32.0627895082862,2,248
chickpea,12.1148232678483,1,249
chickpea,40.9500199795548,1,250
chickpea,17.9872918803274,2,251
chickpea,24.6633646574358,3,252
chickpea,34.7262629391859,3,253
chickpea,15.7173633099409,3,254
chickpea,18.8790502238336,2,255
chickpea,22.9349352627853,1,256
chickpea,14.8020156867248,1,257
chickpea,29.6839396774125,3,258
chickpea,38.5340084927967,3,259
chickpea,17.1459233066593,2,260
chickpea,31.1816395615012,1,261
chickpea,15.5247982714017,3,262
chickpea,44.4493281401067,2,263
chickpea,16.8582132146864,1,264
chickpea,24.0285118994072,2,265
chickpea,32.5078558773272,2,266
chickpea,3.7164509005508,3,267
chickpea,35.6473731337675,1,268
chickpea,45.7430191292336,1,269
chickpea,43.3960827148647,2,270
chickpea,37.3231648139809,3,271
chickpea,23.8267448583878,1,272
chickpea,32.6273209403412,2,273
chickpea,22.1949012465359,3,274
chickpea,37.3084693850182,2,275
chickpea,20.3257008802641,3,276
chickpea,28.4568724543626,1,277
chickpea,46.837568688207,2,278
chickpea,47.1093950879056,1,279
chickpea,19.9141440953887,2,280
chickpea,12.4118966979168,2,281
chickpea,49.2560341281315,1,282
chickpea,21.2391678338637,3,283
chickpea,28.8954955316491,2,284
chickpea,19.8834227038485,2,285
chickpea,13.6621001479441,3,286
chickpea,18.4724792019349,1,287
chickpea,13.1480440242966,1,288
chickpea,18.8893402706219,1,289
chickpea,4.12780122100111,1,290
chickpea,19.8487358966506,2,291
chickpea,47.4574140228692,3,292
chickpea,35.9617927627657,1,293
chickpea,8.14882250483796,1,294
chickpea,27.0440443267451,2,295
chickpea,32.5409133100132,2,296
chickpea,39.6505174408234,1,297
chickpea,23.0405922255547,1,298
chickpea,33.1720545316309,2,299
chickpea,37.9369068557536,1,300
kidneybeans,22.4871571367557,3,301
kidneybeans,43.8964625540353,1,302
kidneybeans,1.49517977959912,1,303
kidneybeans,9.75760868523233,1,304
kidneybeans,48.813787377222,3,305
kidneybeans,40.6200793780343,1,306
kidneybeans,5.96468717447281,1,307
kidneybeans,19.1106741851566,2,308
kidneybeans,29.0712512204138,2,309
kidneybeans,49.6081173070124,3,310
kidneybeans,46.6518663459627,1,311
kidneybeans,49.518164909454,2,312
kidneybeans,24.9582037894852,2,313
kidneybeans,9.67327336012559,2,314
kidneybeans,37.6550486040038,3,315
kidneybeans,9.03447217479702,1,316
kidneybeans,21.1947886576935,1,317
kidneybeans,37.3239052607762,1,318
kidneybeans,8.49611695315298,2,319
kidneybeans,18.5372621751148,1,320
kidneybeans,37.1965415577661,3,321
kidneybeans,6.19050431285744,1,322
kidneybeans,12.2644361716282,2,323
kidneybeans,22.8115884369572,3,324
kidneybeans,22.4828099689924,2,325
kidneybeans,49.3679638027489,2,326
kidneybeans,29.9238499644166,1,327
kidneybeans,47.1050267690536,1,328
kidneybeans,27.2422620963048,1,329
kidneybeans,30.0547261753216,2,330
kidneybeans,25.5235156811046,2,331
kidneybeans,31.7240085175608,1,332
kidneybeans,33.0092048131798,3,333
kidneybeans,24.3286024037157,3,334
kidneybeans,24.202406867462,3,335
kidneybeans,31.0910482754332,1,336
kidneybeans,47.5867358104747,2,337
kidneybeans,45.2743383074135,3,338
kidneybeans,15.076130068407,2,339
kidneybeans,14.1992338061239,1,340
kidneybeans,7.1801174721435,2,341
kidneybeans,44.2831978469379,1,342
kidneybeans,19.2961640903448,2,343
kidneybeans,47.7905104170016,2,344
kidneybeans,19.4440390320787,2,345
kidneybeans,18.6360125597264,1,346
kidneybeans,45.892457998282,1,347
kidneybeans,12.4552237998228,1,348
kidneybeans,47.3280558081238,3,349
kidneybeans,38.3314044460273,3,350
kidneybeans,30.2793567668342,2,351
kidneybeans,16.0267776215286,2,352
kidneybeans,40.1605534094638,3,353
kidneybeans,0.77825419886055,2,354
kidneybeans,13.1483750727268,2,355
kidneybeans,43.9321443400098,3,356
kidneybeans,47.7444860299449,1,357
kidneybeans,2.86735554521687,2,358
kidneybeans,26.7928981069388,3,359
kidneybeans,26.4908065972639,3,360
kidneybeans,19.9974957995554,3,361
kidneybeans,10.0551232043461,3,362
kidneybeans,10.0203222119242,3,363
kidneybeans,8.30663635298899,2,364
kidneybeans,46.4903161381402,3,365
kidneybeans,41.6061881297805,3,366
kidneybeans,6.91287416825799,3,367
kidneybeans,40.3155234803082,3,368
kidneybeans,19.3079181428013,3,369
kidneybeans,43.6027706167527,2,370
kidneybeans,49.016079833966,1,371
kidneybeans,12.0749664307453,1,372
kidneybeans,1.7143222452754,1,373
kidneybeans,47.9396954875888,1,374
kidneybeans,15.8595378393456,3,375
kidneybeans,46.9015637910906,2,376
kidneybeans,36.5113734662266,2,377
kidneybeans,14.3057106812135,1,378
kidneybeans,26.4275029769833,1,379
kidneybeans,25.3882171878531,1,380
kidneybeans,34.5630037059792,2,381
kidneybeans,23.7880587292578,1,382
kidneybeans,26.6766367572985,2,383
kidneybeans,26.1315492908001,2,384
kidneybeans,8.12829213604812,1,385
kidneybeans,30.1513095360188,3,386
kidneybeans,8.78574139792204,2,387
kidneybeans,3.06902565783042,3,388
kidneybeans,25.7553436680252,1,389
kidneybeans,1.01668773303377,1,390
kidneybeans,37.0942207042934,1,391
kidneybeans,48.2640826715792,1,392
kidneybeans,39.5226505224851,2,393
kidneybeans,18.1053284430055,1,394
kidneybeans,7.33071020116151,3,395
kidneybeans,36.2031883908621,1,396
kidneybeans,42.9644205350187,1,397
kidneybeans,31.9259821411619,2,398
kidneybeans,7.01846021736037,2,399
kidneybeans,31.7852180603119,1,400
pigeonpeas,48.7189984138676,3,401
pigeonpeas,25.4402943813077,1,402
pigeonpeas,6.88601529429489,3,403
pigeonpeas,16.9711386987306,3,404
pigeonpeas,4.86119904830297,3,405
pigeonpeas,15.4903961914109,2,406
pigeonpeas,24.0411734237516,1,407
pigeonpeas,7.35908375133757,1,408
pigeonpeas,36.5559720474876,2,409
pigeonpeas,1.77431253543712,1,410
pigeonpeas,8.12618696440046,3,411
pigeonpeas,4.99573360830435,2,412
pigeonpeas,18.8807813207236,1,413
pigeonpeas,23.8442790889492,2,414
pigeonpeas,31.667323423075,2,415
pigeonpeas,21.5153548614977,2,416
pigeonpeas,14.9667575949154,2,417
pigeonpeas,42.442439739775,1,418
pigeonpeas,49.913777993119,1,419
pigeonpeas,1.36878241785176,2,420
pigeonpeas,38.5010703107897,1,421
pigeonpeas,35.6346184215859,3,422
pigeonpeas,3.26494786701353,3,423
pigeonpeas,1.78073215280712,1,424
pigeonpeas,5.92340034206026,1,425
pigeonpeas,8.66123043183331,2,426
pigeonpeas,37.474776216228,1,427
pigeonpeas,32.190328878191,1,428
pigeonpeas,0.965030238427971,1,429
pigeonpeas,17.878096579777,3,430
pigeonpeas,13.8386773362576,2,431
pigeonpeas,47.992000688905,3,432
pigeonpeas,32.7071501854025,2,433
pigeonpeas,0.301722980219376,1,434
pigeonpeas,14.9570788270338,1,435
pigeonpeas,9.91597761515345,1,436
pigeonpeas,30.8812013303645,1,437
pigeonpeas,38.9768861127555,1,438
pigeonpeas,47.8805617910772,1,439
pigeonpeas,39.643114068591,2,440
pigeonpeas,21.2593707708581,2,441
pigeonpeas,6.75362198900802,3,442
pigeonpeas,6.26593784732923,2,443
pigeonpeas,12.1753762912636,2,444
pigeonpeas,27.9405749787094,1,445
pigeonpeas,4.83770581399714,1,446
pigeonpeas,30.4863565369218,1,447
pigeonpeas,20.7625115757225,1,448
pigeonpeas,16.019638661857,3,449
pigeonpeas,42.0382915332044,3,450
pigeonpeas,25.4286149165103,3,451
pigeonpeas,11.9607978356055,1,452
pigeonpeas,27.7935243892657,3,453
pigeonpeas,18.9192402683024,1,454
pigeonpeas,46.2466479291619,1,455
pigeonpeas,35.637475367167,3,456
pigeonpeas,38.3499009738109,2,457
pigeonpeas,44.2643036878109,2,458
pigeonpeas,47.0830384392201,1,459
pigeonpeas,30.50538703497,1,460
pigeonpeas,42.7944903404109,3,461
pigeonpeas,43.0277104200881,2,462
pigeonpeas,44.8343248229785,2,463
pigeonpeas,48.6467160751271,2,464
pigeonpeas,47.3888412631042,2,465
pigeonpeas,0.263695776391192,3,466
pigeonpeas,17.2802633798396,1,467
pigeonpeas,4.30791403377565,3,468
pigeonpeas,45.3549394211864,1,469
pigeonpeas,18.446681063608,2,470
pigeonpeas,36.2998953234023,1,471
pigeonpeas,25.6929802047927,1,472
pigeonpeas,24.5257592874419,3,473
pigeonpeas,39.6040565249149,3,474
pigeonpeas,22.0763184651694,2,475
pigeonpeas,9.87950735122328,2,476
pigeonpeas,36.4722881173715,1,477
pigeonpeas,12.7840415838558,3,478
pigeonpeas,30.1233830304429,1,479
pigeonpeas,47.3681404308131,1,480
pigeonpeas,19.1345473789242,1,481
pigeonpeas,49.9920458487609,3,482
pigeonpeas,7.6238854383125,1,483
pigeonpeas,27.985681979488,1,484
pigeonpeas,46.0214430145099,3,485
pigeonpeas,11.2471555650941,3,486
pigeonpeas,15.68546426568,2,487
pigeonpeas,46.4167199272147,1,488
pigeonpeas,16.1548006648317,3,489
pigeonpeas,22.8165334716348,1,490
pigeonpeas,24.7589536845515,2,491
pigeonpeas,35.589467782668,3,492
pigeonpeas,13.6593782421239,3,493
pigeonpeas,29.0663556125982,3,494
pigeonpeas,8.51042834251706,1,495
pigeonpeas,26.2670101976916,3,496
pigeonpeas,43.3082859024073,3,497
pigeonpeas,26.9901780947416,3,498
pigeonpeas,48.3775760884806,2,499
pigeonpeas,2.33489465960473,2,500
mothbeans,7.28906913838113,1,501
mothbeans,8.4866489884907,3,502
mothbeans,40.0918557698247,1,503
mothbeans,33.0125755359982,2,504
mothbeans,4.09524860592487,3,505
mothbeans,11.0648729138305,1,506
mothbeans,18.2771323061519,2,507
mothbeans,49.0065329097986,3,508
mothbeans,20.2114673172002,3,509
mothbeans,49.9721840972563,2,510
mothbeans,7.77637056901557,2,511
mothbeans,1.83396896627024,1,512
mothbeans,48.4417225370466,3,513
mothbeans,9.87913206347967,1,514
mothbeans,25.2781903703591,3,515
mothbeans,10.9456808955139,1,516
mothbeans,18.5937885257558,1,517
mothbeans,29.9449299245246,1,518
mothbeans,1.62467865376156,2,519
mothbeans,6.18700878002446,1,520
mothbeans,31.8929958854115,3,521
mothbeans,11.2016991483106,2,522
mothbeans,5.80229583321837,2,523
mothbeans,13.6698120430663,3,524
mothbeans,33.9495501285391,3,525
mothbeans,6.79093563889327,2,526
mothbeans,21.3280504021168,3,527
mothbeans,8.2457019969372,1,528
mothbeans,29.2927947863119,3,529
mothbeans,27.7519535857864,1,530
mothbeans,41.9525452934195,1,531
mothbeans,33.3755357466642,3,532
mothbeans,13.0331979186133,2,533
mothbeans,3.68391440980852,3,534
mothbeans,1.75809505273659,2,535
mothbeans,29.7118346072733,1,536
mothbeans,49.8256044680818,3,537
mothbeans,37.181942755236,1,538
mothbeans,16.4226657244678,3,539
mothbeans,0.60544994686042,3,540
mothbeans,18.176455192762,2,541
mothbeans,1.78303255270448,1,542
mothbeans,4.02087771163859,3,543
mothbeans,22.8203540878494,2,544
mothbeans,46.2859390542833,2,545
mothbeans,30.2298275893063,3,546
mothbeans,14.5936008276536,3,547
mothbeans,41.0819501707929,2,548
mothbeans,39.5194030679927,1,549
mothbeans,12.5439306565702,2,550
mothbeans,26.4398320492163,3,551
mothbeans,37.1837450320621,3,552
mothbeans,27.7296616523412,1,553
mothbeans,14.0527038272798,1,554
mothbeans,39.7588398665691,2,555
mothbeans,22.3911281606259,1,556
mothbeans,48.6826901438888,1,557
mothbeans,1.91451979156396,3,558
mothbeans,28.0869786332413,2,559
mothbeans,23.5247616596311,1,560
mothbeans,18.0616005589285,3,561
mothbeans,1.06693757793778,1,562
mothbeans,20.4499448207799,3,563
mothbeans,20.4434561991936,3,564
mothbeans,17.2313061642937,3,565
mothbeans,26.4655446415591,1,566
mothbeans,2.82925503558285,1,567
mothbeans,29.0945348727739,2,568
mothbeans,38.5990051012902,3,569
mothbeans,35.538894391052,1,570
mothbeans,30.8483274683737,1,571
mothbeans,47.8154703370811,2,572
mothbeans,6.66917426887359,1,573
mothbeans,16.7264432864425,2,574
mothbeans,44.2920844079858,1,575
mothbeans,18.1318373950463,3,576
mothbeans,41.0319500554062,2,577
mothbeans,31.0995991043203,1,578
mothbeans,18.1497943019472,1,579
mothbeans,28.1186907135612,3,580
mothbeans,41.1780862649288,1,581
mothbeans,12.7539628395388,3,582
mothbeans,11.872132615699,3,583
mothbeans,40.5349225859492,1,584
mothbeans,23.0225897365372,3,585
mothbeans,29.2105131549392,3,586
mothbeans,29.5831670163637,2,587
mothbeans,31.2400169147678,2,588
mothbeans,10.9037850032181,2,589
mothbeans,12.4742765758362,3,590
mothbeans,48.6273903792915,3,591
mothbeans,13.0288166283606,1,592
mothbeans,7.18117776178633,2,593
mothbeans,16.0158761919146,2,594
mothbeans,47.5816712747771,3,595
mothbeans,46.0197587027449,3,596
mothbeans,38.3887745089589,2,597
mothbeans,26.3494013180207,3,598
mothbeans,36.7516789957787,3,599
mothbeans,6.23849986043799,1,600
mungbean,44.80130741269,2,601
mungbean,9.71786941129334,2,602
mungbean,12.6044566116842,2,603
mungbean,36.2228746204849,1,604
mungbean,39.2094618266538,3,605
mungbean,9.90915654793701,3,606
mungbean,25.6926986713283,3,607
mungbean,9.310323033646,3,608
mungbean,3.15381412164338,3,609
mungbean,7.00745656107684,2,610
mungbean,40.849611142149,2,611
mungbean,13.5028486965734,2,612
mungbean,39.7124423699395,2,613
mungbean,45.0989549365713,3,614
mungbean,40.9900707328006,3,615
mungbean,2.53477005309148,2,616
mungbean,6.75956307650671,1,617
mungbean,15.6589712775312,2,618
mungbean,12.662472158242,1,619
mungbean,8.73074209225783,1,620
mungbean,26.2299804405692,3,621
mungbean,13.0554277052117,2,622
mungbean,41.9990363937711,3,623
mungbean,2.19021102380401,3,624
mungbean,8.30877543943857,3,625
mungbean,22.9109957861994,2,626
mungbean,31.8457802005001,1,627
mungbean,3.63595675020708,2,628
mungbean,14.4200769943537,3,629
mungbean,46.091569931923,3,630
mungbean,33.8320051218876,3,631
mungbean,20.2236152858985,1,632
mungbean,12.5531911929713,2,633
mungbean,16.3886589666976,3,634
mungbean,24.1008844847554,1,635
mungbean,43.479854172927,3,636
mungbean,20.9639720518661,2,637
mungbean,9.44212132999388,1,638
mungbean,27.2103409816005,1,639
mungbean,26.6727855455868,1,640
mungbean,41.9585834466519,1,641
mungbean,23.4552584868176,1,642
mungbean,23.6804837726626,3,643
mungbean,39.7730429487847,2,644
mungbean,27.1208544648323,3,645
mungbean,27.243453932592,1,646
mungbean,16.5831097237067,3,647
mungbean,6.15877475537944,1,648
mungbean,19.0683577420026,1,649
mungbean,1.33594123367889,3,650
mungbean,10.6803698062689,3,651
mungbean,25.8362961860417,3,652
mungbean,39.0247248858903,2,653
mungbean,1.71867141869445,1,654
mungbean,15.3883519750679,1,655
mungbean,20.6469277565868,3,656
mungbean,7.12985630873375,3,657
mungbean,47.4019837847058,2,658
mungbean,33.8913636120338,3,659
mungbean,20.2598437103243,1,660
mungbean,14.1928140508236,1,661
mungbean,4.99589768118565,3,662
mungbean,28.5564269796044,2,663
mungbean,17.4602852092655,3,664
mungbean,40.2564002881396,1,665
mungbean,18.1416593975437,2,666
mungbean,47.6602378122369,2,667
mungbean,25.3348858485064,1,668
mungbean,19.8108149517726,2,669
mungbean,39.3591765333859,3,670
mungbean,37.8297488060907,2,671
mungbean,29.530348486189,3,672
mungbean,5.428551936316,1,673
mungbean,41.336118664569,2,674
mungbean,29.9035136156041,1,675
mungbean,38.0633226592188,2,676
mungbean,31.7736293627787,1,677
mungbean,4.47295434565446,2,678
mungbean,29.45226132563,3,679
mungbean,19.7889606819966,2,680
mungbean,4.37149794785675,2,681
mungbean,40.8767235501218,2,682
mungbean,48.110109093871,3,683
mungbean,46.2170597295619,3,684
mungbean,16.3777903965291,3,685
mungbean,3.45291509892515,1,686
mungbean,30.3311316785504,1,687
mungbean,12.9215595227617,3,688
mungbean,8.66098194869731,1,689
mungbean,19.2683828550601,1,690
mungbean,11.9654741556109,1,691
mungbean,31.9956621027702,2,692
mungbean,30.3962299432535,2,693
mungbean,47.253156414833,3,694
mungbean,28.1345551278024,1,695
mungbean,2.96970623091904,1,696
mungbean,16.6188458927991,2,697
mungbean,21.3527671645058,3,698
mungbean,0.590533526485842,2,699
mungbean,11.7000790384996,1,700
blackgram,8.05442256632493,3,701
blackgram,47.6301770859901,3,702
blackgram,46.2253428536278,3,703
blackgram,11.9019897672916,1,704
blackgram,8.58326444055119,1,705
blackgram,39.2000334733871,3,706
blackgram,16.5340116491241,1,707
blackgram,20.3567863027917,2,708
blackgram,7.93242473432231,1,709
blackgram,46.1456263918122,3,710
blackgram,24.074377811001,1,711
blackgram,20.5896809063232,2,712
blackgram,21.8848757972501,3,713
blackgram,8.20794715372857,1,714
blackgram,24.0423366384368,3,715
blackgram,46.3826730278961,3,716
blackgram,45.5840460964195,1,717
blackgram,39.2221270946578,3,718
blackgram,21.6901367915497,2,719
blackgram,38.1259864627995,2,720
blackgram,28.72234941497,1,721
blackgram,18.9138272705927,3,722
blackgram,32.6903392141492,1,723
blackgram,23.130979425338,2,724
blackgram,28.1569628332715,1,725
blackgram,36.7028529886031,3,726
blackgram,29.8445990298122,3,727
blackgram,27.1690315277428,2,728
blackgram,40.7125108746803,2,729
blackgram,40.9407466266763,3,730
blackgram,30.3075911296129,2,731
blackgram,3.44894571764957,3,732
blackgram,34.2130542249603,1,733
blackgram,45.3588250191198,1,734
blackgram,22.2984642210811,1,735
blackgram,47.3134208615827,1,736
blackgram,11.7116890384155,1,737
blackgram,16.9404072726562,1,738
blackgram,36.8817343882265,3,739
blackgram,10.4024718454757,3,740
blackgram,9.18306668107521,3,741
blackgram,4.88789777778538,3,742
blackgram,47.5272983992554,1,743
blackgram,28.0685086033311,3,744
blackgram,13.3409505183276,3,745
blackgram,12.1450166710151,1,746
blackgram,49.0304186787456,3,747
blackgram,13.4691210410775,1,748
blackgram,41.3487503119069,2,749
blackgram,26.5167129687965,2,750
blackgram,39.9995928990209,2,751
blackgram,49.2362850086664,3,752
blackgram,38.407415658708,3,753
blackgram,19.0112709520293,3,754
blackgram,48.0650170862104,3,755
blackgram,2.52533461980194,2,756
blackgram,30.5415815146266,3,757
blackgram,21.3298610665575,1,758
blackgram,10.1508183250715,1,759
blackgram,30.5301811166842,3,760
blackgram,12.6445269696902,3,761
blackgram,3.98096825082806,2,762
blackgram,18.7312936780454,3,763
blackgram,46.2366600442465,3,764
blackgram,16.8786712917796,3,765
blackgram,21.424004593279,2,766
blackgram,18.8855327205922,3,767
blackgram,12.3170337226046,2,768
blackgram,26.7891798869587,2,769
blackgram,23.4336599985989,1,770
blackgram,22.367383168793,3,771
blackgram,5.66527943464079,2,772
blackgram,39.5578972438065,1,773
blackgram,45.9097943096391,3,774
blackgram,5.4234620072674,3,775
blackgram,17.2165949270058,1,776
blackgram,28.7675645276509,2,777
blackgram,41.0184732439584,3,778
blackgram,30.3184467480898,1,779
blackgram,31.0870777690934,1,780
blackgram,30.436590980339,1,781
blackgram,34.5645120345836,3,782
blackgram,46.3533646325263,1,783
blackgram,10.334829300308,1,784
blackgram,39.5272773404371,2,785
blackgram,1.29892348701941,1,786
blackgram,37.4735017767802,3,787
blackgram,45.366545344227,3,788
blackgram,24.4480959251493,3,789
blackgram,34.6090862109341,3,790
blackgram,27.1083691446565,3,791
blackgram,37.1062911388744,1,792
blackgram,5.63179817352825,1,793
blackgram,11.3586508627433,1,794
blackgram,49.6897299852831,1,795
blackgram,20.3868404409428,3,796
blackgram,29.4882690666738,2,797
blackgram,30.8572430923801,3,798
blackgram,49.1179331275829,2,799
blackgram,48.162697429234,2,800
lentil,45.9544842313948,2,801
lentil,47.2458765773093,1,802
lentil,40.2236707753747,3,803
lentil,44.7223705311445,3,804
lentil,22.547897579239,2,805
lentil,0.884380757765529,2,806
lentil,41.6853079328765,2,807
lentil,3.50215823968958,1,808
lentil,44.0197247863295,2,809
lentil,2.52649285794384,1,810
lentil,3.83933543657073,1,811
lentil,20.6380410995285,1,812
lentil,37.9187846508073,3,813
lentil,7.25323027877603,2,814
lentil,34.6360554578261,3,815
lentil,26.7121352054443,3,816
lentil,16.177528750297,1,817
lentil,34.0702656133568,3,818
lentil,16.2808607594111,3,819
lentil,22.2432497239393,3,820
lentil,33.0440151023674,3,821
lentil,41.8299978597006,2,822
lentil,48.8318697989277,3,823
lentil,16.8022878763229,2,824
lentil,10.7294458522072,3,825
lentil,39.2128524596885,1,826
lentil,21.0396144094179,1,827
lentil,16.0617825534708,2,828
lentil,16.9191450656316,3,829
lentil,29.985144985693,2,830
lentil,8.08402651238893,1,831
lentil,41.6456870214552,1,832
lentil,32.4118654239528,3,833
lentil,13.9182834624121,1,834
lentil,40.0214371003186,2,835
lentil,39.0008837950436,2,836
lentil,9.00965645055919,2,837
lentil,25.1063844898213,3,838
lentil,37.1792411011761,2,839
lentil,22.2173273343391,3,840
lentil,15.0317638089239,3,841
lentil,47.663058013471,2,842
lentil,6.75436705194149,1,843
lentil,28.9678856029404,3,844
lentil,32.4601671800041,2,845
lentil,28.407064801676,1,846
lentil,0.385075762852654,1,847
lentil,48.3548786680166,1,848
lentil,32.9025427098485,2,849
lentil,25.2667776427185,3,850
lentil,5.03966923819976,3,851
lentil,38.0290661072652,1,852
lentil,28.2588627986176,3,853
lentil,25.4859635136429,2,854
lentil,22.4678921273072,1,855
lentil,2.57707074152406,2,856
lentil,15.2395278141758,3,857
lentil,9.93155252547365,1,858
lentil,41.0810971262636,1,859
lentil,6.60413713738447,2,860
lentil,18.322703542686,3,861
lentil,47.7078937679937,3,862
lentil,3.79675715611296,2,863
lentil,42.3413013665706,1,864
lentil,34.8181041389569,3,865
lentil,0.781635979017625,3,866
lentil,30.9136152854139,3,867
lentil,22.4397770240357,2,868
lentil,12.6212573730567,3,869
lentil,49.966588688193,2,870
lentil,42.9615358361249,1,871
lentil,45.0869502630447,3,872
lentil,36.0590816875861,2,873
lentil,40.1567263908165,1,874
lentil,43.079505064335,3,875
lentil,22.0928765052529,1,876
lentil,36.5010714605143,1,877
lentil,13.3195854448923,2,878
lentil,47.1318852860216,1,879
lentil,37.845360709691,1,880
lentil,44.8616789899156,3,881
lentil,5.25845152972564,3,882
lentil,31.911345169979,2,883
lentil,28.9171844237428,3,884
lentil,25.3656526254508,2,885
lentil,30.4850740771443,1,886
lentil,30.7191913896926,3,887
lentil,19.2992755940491,1,888
lentil,28.731652182002,2,889
lentil,11.0930040801342,1,890
lentil,48.0282060384651,3,891
lentil,49.0255720818179,3,892
lentil,19.7211429274474,1,893
lentil,23.5147651820003,2,894
lentil,41.1412291682814,1,895
lentil,29.1382111586447,2,896
lentil,34.7202766896128,3,897
lentil,15.7525404779825,3,898
lentil,12.444479126511,2,899
lentil,25.1669807362895,2,900
pomegranate,1.25789712755275,3,901
pomegranate,49.176200538614,2,902
pomegranate,30.0381826612459,2,903
pomegranate,31.2072170032599,3,904
pomegranate,21.614432094111,3,905
pomegranate,12.4791894910008,3,906
pomegranate,45.536851714823,1,907
pomegranate,21.9149610235491,3,908
pomegranate,47.6634883154428,1,909
pomegranate,1.02368128886676,2,910
pomegranate,39.5063950575642,1,911
pomegranate,49.1371026686788,3,912
pomegranate,6.4991756936012,1,913
pomegranate,2.75189087518327,3,914
pomegranate,2.91729597762129,1,915
pomegranate,24.9278882553622,3,916
pomegranate,1.0481517843561,1,917
pomegranate,33.6747115095567,3,918
pomegranate,20.6035380731177,3,919
pomegranate,4.33634603185149,2,920
pomegranate,40.3347305586914,2,921
pomegranate,38.4224438828851,1,922
pomegranate,45.0928914901234,1,923
pomegranate,26.2566225094271,2,924
pomegranate,17.6047136223658,3,925
pomegranate,14.4966011189748,1,926
pomegranate,8.1243720024028,1,927
pomegranate,24.1760278876479,2,928
pomegranate,38.4240274366547,1,929
pomegranate,33.4805760801006,2,930
pomegranate,8.42674830700411,3,931
pomegranate,2.11984377926935,1,932
pomegranate,24.9125618525315,2,933
pomegranate,15.6395747634379,2,934
pomegranate,17.7776646815185,2,935
pomegranate,27.0370764009959,1,936
pomegranate,19.4862056118859,3,937
pomegranate,34.5914658181181,2,938
pomegranate,31.0026256596641,3,939
pomegranate,43.1679355945873,1,940
pomegranate,25.8613137967313,1,941
pomegranate,3.34328875896163,2,942
pomegranate,3.94179507636895,3,943
pomegranate,27.0652671979737,2,944
pomegranate,33.6896770702929,3,945
pomegranate,31.749801819655,1,946
pomegranate,21.0677829389884,3,947
pomegranate,17.6061567442931,2,948
pomegranate,42.8350439591724,3,949
pomegranate,15.9594877811628,1,950
pomegranate,30.2072051906882,2,951
pomegranate,36.497562598657,3,952
pomegranate,10.7096483063977,1,953
pomegranate,29.3380675460178,2,954
pomegranate,15.502997018505,3,955
pomegranate,44.0245379377922,1,956
pomegranate,43.7150787877081,3,957
pomegranate,12.6812328106237,1,958
pomegranate,8.6899844939958,3,959
pomegranate,28.6923380734735,3,960
pomegranate,46.0472280062447,1,961
pomegranate,24.922898993069,2,962
pomegranate,10.6119387865367,3,963
pomegranate,13.2007563849857,1,964
pomegranate,32.5253731329323,1,965
pomegranate,42.6293259599502,1,966
pomegranate,43.1418922735505,2,967
pomegranate,10.0105344010848,2,968
pomegranate,10.2203794102901,1,969
pomegranate,26.4449898429647,3,970
pomegranate,36.2807865968749,2,971
pomegranate,2.29602460885675,1,972
pomegranate,33.81461205325,1,973
pomegranate,19.0180813694811,2,974
pomegranate,14.4326149710697,2,975
pomegranate,43.9439577744599,1,976
pomegranate,43.0652027668169,1,977
pomegranate,48.5186962695136,1,978
pomegranate,0.726449105670534,1,979
pomegranate,30.054004296764,1,980
pomegranate,44.4313835301888,2,981
pomegranate,32.9641331838802,3,982
pomegranate,23.806421990245,3,983
pomegranate,9.23675999222025,1,984
pomegranate,16.8681693696376,2,985
pomegranate,15.6602878015453,2,986
pomegranate,46.3657366009247,3,987
pomegranate,16.5310626311796,2,988
pomegranate,10.3797661226998,3,989
pomegranate,24.922197984666,3,990
pomegranate,26.5007299566606,3,991
pomegranate,17.1920614724153,1,992
pomegranate,43.5199352254557,2,993
pomegranate,24.5996238357104,1,994
pomegranate,2.90832621354132,2,995
pomegranate,10.7613211085975,2,996
pomegranate,4.45216895163671,1,997
pomegranate,17.9837872617647,2,998
pomegranate,0.986280975111414,1,999
pomegranate,16.5366911954987,1,1000
banana,23.3613255775614,2,1001
banana,31.9030886698224,1,1002
banana,47.3800394053659,3,1003
banana,0.697399576051493,2,1004
banana,2.40310584749148,2,1005
banana,30.6808642509702,1,1006
banana,18.4920236858215,1,1007
banana,2.4508080296692,2,1008
banana,23.254539095787,1,1009
banana,19.0177996877613,1,1010
banana,3.52782974094562,2,1011
banana,16.3706370881461,3,1012
banana,13.6754910507902,3,1013
banana,14.1150550402927,2,1014
banana,33.6865997918891,2,1015
banana,32.1992259823844,2,1016
banana,12.708021714042,2,1017
banana,41.1734033522228,3,1018
banana,23.7129245102195,2,1019
banana,32.9711929119722,2,1020
banana,4.45296465455177,2,1021
banana,7.52883097167124,2,1022
banana,6.62805449214062,2,1023
banana,20.2511098556323,1,1024
banana,44.4590841088754,2,1025
banana,46.2174477893128,3,1026
banana,39.4154184643692,3,1027
banana,19.5037479313246,1,1028
banana,26.3774740330212,1,1029
banana,8.7412434587329,2,1030
banana,9.72011919020158,1,1031
banana,27.7299162192226,3,1032
banana,4.03804902726688,1,1033
banana,40.586748287856,2,1034
banana,44.5912546628873,1,1035
banana,7.34290456768472,1,1036
banana,5.85466722698104,2,1037
banana,9.71499517998351,1,1038
banana,34.10184531493,2,1039
banana,1.99670546163528,2,1040
banana,0.56220119775997,3,1041
banana,19.0444739742607,1,1042
banana,24.8341227601532,3,1043
banana,44.2020935067467,1,1044
banana,27.6220772410055,3,1045
banana,4.65409925376663,3,1046
banana,12.0582497823483,1,1047
banana,44.2026588415261,2,1048
banana,9.53472413394352,2,1049
banana,23.7433788251082,1,1050
banana,11.4075841721305,2,1051
banana,48.1991171198949,3,1052
banana,17.7737240286641,3,1053
banana,22.6649309599847,2,1054
banana,42.5707293011456,1,1055
banana,0.581889380204198,1,1056
banana,26.5578646305284,3,1057
banana,0.998936778716236,2,1058
banana,40.5956270587583,2,1059
banana,10.4392297904704,3,1060
banana,5.77573688980903,2,1061
banana,45.6050743658055,3,1062
banana,44.7025020136151,1,1063
banana,39.5005093792587,2,1064
banana,14.0070897301898,2,1065
banana,31.7996096042212,2,1066
banana,1.2198301621376,3,1067
banana,13.7282791900874,1,1068
banana,8.68508673196821,3,1069
banana,10.2470714532956,3,1070
banana,3.54870225905478,2,1071
banana,39.4143359534151,1,1072
banana,12.041754877495,1,1073
banana,27.0861708282631,2,1074
banana,29.5705688647039,3,1075
banana,0.841188894768496,3,1076
banana,2.75202209842233,3,1077
banana,3.06802634904065,1,1078
banana,46.4529177734805,2,1079
banana,12.2716425942365,1,1080
banana,19.5677348591201,2,1081
banana,31.9073479418606,1,1082
banana,3.67341820466603,1,1083
banana,38.9319056068177,1,1084
banana,24.147147647347,1,1085
banana,43.7591898767643,3,1086
banana,47.463671423096,1,1087
banana,42.7154047716962,2,1088
banana,20.5546869296453,2,1089
banana,12.3627406694371,3,1090
banana,36.5292464619538,1,1091
banana,0.162552487104894,3,1092
banana,15.6169918186559,2,1093
banana,31.8612840173078,2,1094
banana,16.9199489718297,3,1095
banana,42.0276693263399,2,1096
banana,3.52259136174187,3,1097
banana,13.9827886937117,1,1098
banana,26.4272750280449,2,1099
banana,10.144253466513,3,1100
mango,12.5253784122324,1,1101
mango,35.2401138086062,1,1102
mango,2.21546214391915,1,1103
mango,16.4366020993722,3,1104
mango,24.3128575221593,3,1105
mango,48.8725946499111,1,1106
mango,44.9020317129038,1,1107
mango,24.7050417191166,3,1108
mango,7.72181327495348,1,1109
mango,6.54522876166538,2,1110
mango,19.2761904558749,1,1111
mango,4.54094151551183,1,1112
mango,9.59060404877245,1,1113
mango,30.59030288214,1,1114
mango,7.58367302737179,1,1115
mango,8.88835294939058,3,1116
mango,45.8070816685685,1,1117
mango,39.1213529013345,2,1118
mango,32.5387541364348,3,1119
mango,18.5861152884385,1,1120
mango,8.15994377886135,2,1121
mango,3.68506002033453,2,1122
mango,20.443690387691,3,1123
mango,34.2809047251398,1,1124
mango,25.8432251567492,2,1125
mango,40.5487349025849,3,1126
mango,41.6094610416084,1,1127
mango,9.9090256587257,2,1128
mango,19.6400654006032,1,1129
mango,15.2689344760829,2,1130
mango,25.6168522875753,1,1131
mango,6.33496361678665,3,1132
mango,31.6223065818586,3,1133
mango,44.586692563751,1,1134
mango,7.93845394506558,1,1135
mango,20.4905604490628,2,1136
mango,33.3248888552792,2,1137
mango,1.40591661811803,1,1138
mango,40.7367927174658,2,1139
mango,47.3725678783712,2,1140
mango,1.95019674082222,1,1141
mango,18.8635211263703,1,1142
mango,46.3450374002569,2,1143
mango,31.5761690530175,2,1144
mango,24.087683208405,2,1145
mango,26.4682983384516,1,1146
mango,40.8857428620121,2,1147
mango,6.83607949818077,3,1148
mango,37.4910423127219,3,1149
mango,34.6868502184982,1,1150
mango,48.3573791121141,2,1151
mango,42.1776278971861,1,1152
mango,16.0928347887406,2,1153
mango,30.7254017608499,2,1154
mango,11.6679727406863,2,1155
mango,18.1014198091409,1,1156
mango,37.6637159556979,2,1157
mango,18.8856999740449,2,1158
mango,10.5235726447141,3,1159
mango,47.3488190579566,3,1160
mango,8.46787860642621,2,1161
mango,22.3531065251366,1,1162
mango,31.2121610233239,3,1163
mango,11.200451297971,1,1164
mango,33.9141151528893,3,1165
mango,22.1938843035134,3,1166
mango,4.00975964751246,1,1167
mango,24.4394116071106,3,1168
mango,25.8484198740351,1,1169
mango,37.7293700988226,3,1170
mango,18.3526893786995,2,1171
mango,11.2006391027847,3,1172
mango,8.02307309833568,1,1173
mango,41.8554834815419,2,1174
mango,25.9629166657979,1,1175
mango,7.50445303461055,2,1176
mango,40.769988242382,2,1177
mango,34.2069838559006,2,1178
mango,13.1978522879768,3,1179
mango,18.9213624625317,2,1180
mango,8.17987973533146,2,1181
mango,3.55651018731628,1,1182
mango,15.9879590373432,2,1183
mango,21.2773676688706,3,1184
mango,3.55041234298548,3,1185
mango,48.3296054069293,3,1186
mango,35.4247870456512,2,1187
mango,2.49704330784324,3,1188
mango,33.6074677972743,3,1189
mango,31.7794538592144,2,1190
mango,5.44893007073176,3,1191
mango,17.7618965672277,3,1192
mango,33.8303804728001,3,1193
mango,14.5369849940869,2,1194
mango,18.9158879419144,2,1195
mango,40.0063771820062,1,1196
mango,35.65197034412,2,1197
mango,35.3047277527863,1,1198
mango,20.4884124013506,3,1199
mango,45.8500966299541,1,1200
grapes,46.0042339157169,3,1201
grapes,20.6123990345629,1,1202
grapes,25.7530767562768,2,1203
grapes,30.7362379310644,2,1204
grapes,40.1142408068778,2,1205
grapes,10.8449517920615,3,1206
grapes,30.742651719526,1,1207
grapes,45.2009595641263,1,1208
grapes,0.213405911043967,3,1209
grapes,33.7439872182062,2,1210
grapes,38.6162049599732,2,1211
grapes,0.567127689925972,2,1212
grapes,28.2861547068731,1,1213
grapes,39.7365958802711,3,1214
grapes,46.868420934854,2,1215
grapes,46.6428478012508,2,1216
grapes,48.5503299286198,3,1217
grapes,11.722363792144,2,1218
grapes,22.0813643955159,1,1219
grapes,15.6548987882902,3,1220
grapes,22.7145013182574,3,1221
grapes,18.9556932366927,1,1222
grapes,1.75871770549039,2,1223
grapes,44.1853390008047,2,1224
grapes,27.2972706391002,2,1225
grapes,40.0817194945372,1,1226
grapes,39.3656399387523,1,1227
grapes,33.1070987912429,3,1228
grapes,43.8483171058383,1,1229
grapes,9.33831170909137,1,1230
grapes,31.3766419087443,2,1231
grapes,7.43788339696666,2,1232
grapes,22.2330610090592,2,1233
grapes,31.7508216200642,1,1234
grapes,1.90912301437789,3,1235
grapes,46.1532040682763,3,1236
grapes,48.6808496517824,3,1237
grapes,0.734905776474237,2,1238
grapes,0.606953123446646,1,1239
grapes,33.7034130743603,2,1240
grapes,19.08118331642,3,1241
grapes,49.0692258355216,3,1242
grapes,28.9576433645579,2,1243
grapes,49.2775838078464,2,1244
grapes,25.5184423079477,2,1245
grapes,31.2889943328575,3,1246
grapes,49.5286175134697,1,1247
grapes,5.13173435428419,3,1248
grapes,13.6126398071333,3,1249
grapes,31.6553916149082,1,1250
grapes,38.3131422067009,2,1251
grapes,9.82394616279709,2,1252
grapes,0.789280228824729,3,1253
grapes,5.21274227927459,1,1254
grapes,45.250563522457,3,1255
grapes,33.3238608966646,3,1256
grapes,26.8108385235261,2,1257
grapes,39.9170544064012,2,1258
grapes,30.2672201955696,1,1259
grapes,19.0639263027765,1,1260
grapes,32.4475655529719,3,1261
grapes,3.32477106025552,1,1262
grapes,44.2048569700218,2,1263
grapes,42.7202617145193,2,1264
grapes,12.2248673924718,1,1265
grapes,16.4290042449223,3,1266
grapes,3.61579838747246,1,1267
grapes,8.24992608246513,3,1268
grapes,47.9110423921013,1,1269
grapes,33.629694561039,3,1270
grapes,27.3298442299142,1,1271
grapes,35.454439554881,3,1272
grapes,23.8790190013067,1,1273
grapes,17.2193543947892,3,1274
grapes,37.2636886108937,1,1275
grapes,8.65158122439355,1,1276
grapes,33.1233926562799,2,1277
grapes,7.64104267342985,2,1278
grapes,46.5926126086011,3,1279
grapes,6.54753985398753,2,1280
grapes,30.6663200339959,1,1281
grapes,37.8557460690066,3,1282
grapes,47.0092279522474,1,1283
grapes,45.8498671988909,1,1284
grapes,24.7070963813018,1,1285
grapes,20.6717696659879,2,1286
grapes,48.7853547087498,2,1287
grapes,6.44850797733869,2,1288
grapes,10.4031988306522,3,1289
grapes,28.6324662042733,2,1290
grapes,13.6973158854347,1,1291
grapes,44.3177761580429,3,1292
grapes,29.1162936611071,1,1293
grapes,33.2052137651999,2,1294
grapes,26.9669407848684,2,1295
grapes,7.6005896681651,3,1296
grapes,43.4106509275276,3,1297
grapes,39.9570260138017,2,1298
grapes,8.57507661764314,3,1299
grapes,19.0046980683044,3,1300
watermelon,18.5315340878856,3,1301
watermelon,46.6505103973049,2,1302
watermelon,37.014219156474,1,1303
watermelon,26.1325734218823,1,1304
watermelon,1.3028932416761,2,1305
watermelon,3.46432393451603,3,1306
watermelon,41.9617972101329,2,1307
watermelon,37.5340415964566,1,1308
watermelon,19.9885149375222,2,1309
watermelon,23.1797719208043,2,1310
watermelon,2.46854294468582,2,1311
watermelon,30.9770688800553,3,1312
watermelon,18.9185634262763,3,1313
watermelon,28.7573623336766,2,1314
watermelon,35.1229878236265,1,1315
watermelon,25.4505058913098,1,1316
watermelon,16.728700411814,3,1317
watermelon,34.1624559130456,2,1318
watermelon,42.2122194678302,2,1319
watermelon,33.1486461629234,2,1320
watermelon,32.3239798136073,2,1321
watermelon,32.3327157113106,3,1322
watermelon,4.58001910085217,2,1323
watermelon,1.19601480133496,2,1324
watermelon,15.1288871740911,3,1325
watermelon,20.5686162867042,2,1326
watermelon,24.4114406451249,3,1327
watermelon,48.879967121888,3,1328
watermelon,32.0169296356951,2,1329
watermelon,25.7430094333289,2,1330
watermelon,33.7724293080639,2,1331
watermelon,36.4304861022884,2,1332
watermelon,25.9196408811377,1,1333
watermelon,25.674493898409,3,1334
watermelon,39.341566916834,3,1335
watermelon,4.43808926564864,3,1336
watermelon,18.1659075598304,1,1337
watermelon,42.0417120628991,3,1338
watermelon,1.51482324273921,2,1339
watermelon,28.9312660927747,2,1340
watermelon,28.6958914993821,1,1341
watermelon,22.6884587020618,1,1342
watermelon,16.8202731078793,1,1343
watermelon,38.12713076702,2,1344
watermelon,3.28209480906174,2,1345
watermelon,2.09368614751759,2,1346
watermelon,42.938691851524,2,1347
watermelon,21.5875880400903,1,1348
watermelon,34.1260412237344,2,1349
watermelon,49.643500343014,2,1350
watermelon,40.1706990933419,1,1351
watermelon,20.4362541224764,1,1352
watermelon,40.9232780922263,3,1353
watermelon,46.0158749531781,2,1354
watermelon,26.7606117073044,1,1355
watermelon,25.6584057253687,1,1356
watermelon,30.8586568595753,1,1357
watermelon,38.8353652109976,1,1358
watermelon,6.20362336514841,3,1359
watermelon,25.0202984713751,1,1360
watermelon,14.6944424306319,1,1361
watermelon,31.9140272817236,3,1362
watermelon,48.1067604240437,1,1363
watermelon,32.2988607252579,1,1364
watermelon,29.1678108041114,1,1365
watermelon,28.4930752992376,2,1366
watermelon,7.47792474167746,3,1367
watermelon,49.7999586356249,2,1368
watermelon,41.1220876920311,3,1369
watermelon,43.9495792753412,2,1370
watermelon,2.31888034024205,1,1371
watermelon,44.8589071185505,3,1372
watermelon,1.89401122300166,1,1373
watermelon,41.4781874480934,1,1374
watermelon,49.4004422435537,2,1375
watermelon,16.4885990356739,1,1376
watermelon,6.48008625526185,3,1377
watermelon,45.7890227423325,2,1378
watermelon,0.383286200141569,2,1379
watermelon,14.573466238242,2,1380
watermelon,45.4704139653741,3,1381
watermelon,5.26091348158775,3,1382
watermelon,43.2937322222841,1,1383
watermelon,39.2941451109542,3,1384
watermelon,19.3536353581642,2,1385
watermelon,16.8532825714713,1,1386
watermelon,45.2072535320893,2,1387
watermelon,10.2564804854689,3,1388
watermelon,46.6729316358684,3,1389
watermelon,3.04518233520834,1,1390
watermelon,17.7525615949492,1,1391
watermelon,0.900657523678116,3,1392
watermelon,29.6897035568275,2,1393
watermelon,41.7864612973423,2,1394
watermelon,44.8663209220521,2,1395
watermelon,48.3070976533826,3,1396
watermelon,14.7338583591417,3,1397
watermelon,18.1843531268879,3,1398
watermelon,36.2055766698326,1,1399
watermelon,13.2817264411051,3,1400
muskmelon,5.65876197551293,3,1401
muskmelon,2.29387147301284,1,1402
muskmelon,10.9521293228178,1,1403
muskmelon,49.8355458762252,1,1404
muskmelon,26.1513676282771,3,1405
muskmelon,5.78590846580278,1,1406
muskmelon,3.48491948748767,2,1407
muskmelon,22.8226215907457,1,1408
muskmelon,26.9621246191379,1,1409
muskmelon,4.00462003988165,2,1410
muskmelon,24.4428751502392,1,1411
muskmelon,27.9154117867527,1,1412
muskmelon,14.865011402581,2,1413
muskmelon,26.7697805316181,2,1414
muskmelon,16.2678497900211,2,1415
muskmelon,33.9018558257518,3,1416
muskmelon,26.9175650552371,2,1417
muskmelon,1.49712131256165,1,1418
muskmelon,7.14805885393042,1,1419
muskmelon,27.040693203935,1,1420
muskmelon,47.2591763540995,1,1421
muskmelon,11.2212004920105,2,1422
muskmelon,26.8085988193084,3,1423
muskmelon,16.1828239646799,3,1424
muskmelon,23.1374040802649,2,1425
muskmelon,5.98846278748717,2,1426
muskmelon,7.7422454336628,3,1427
muskmelon,14.3468692672375,3,1428
muskmelon,0.310801914136549,2,1429
muskmelon,30.3744637586972,3,1430
muskmelon,15.5666037049003,3,1431
muskmelon,37.2508762702057,2,1432
muskmelon,15.0109040508122,2,1433
muskmelon,14.5997394604573,1,1434
muskmelon,21.3457960343407,1,1435
muskmelon,19.6469142870811,3,1436
muskmelon,7.18321087338884,1,1437
muskmelon,24.8274995443118,2,1438
muskmelon,28.6933209115722,3,1439
muskmelon,48.0163481672927,1,1440
muskmelon,12.9066515673639,1,1441
muskmelon,28.5185036801687,2,1442
muskmelon,37.8445590678332,1,1443
muskmelon,35.2511723136239,2,1444
muskmelon,41.4463390910407,3,1445
muskmelon,49.6171270631481,2,1446
muskmelon,13.7784749801835,2,1447
muskmelon,33.2124251463387,3,1448
muskmelon,3.61620762045398,1,1449
muskmelon,17.2338387327006,2,1450
muskmelon,12.8301213606453,1,1451
muskmelon,11.769014405205,1,1452
muskmelon,40.7075689630334,1,1453
muskmelon,3.04479217778397,2,1454
muskmelon,24.3750637910858,1,1455
muskmelon,32.609356091508,3,1456
muskmelon,1.78245532728474,3,1457
muskmelon,4.66708024238316,3,1458
muskmelon,46.5204728668619,2,1459
muskmelon,42.0762563085519,2,1460
muskmelon,25.1210424252942,3,1461
muskmelon,40.944318386777,3,1462
muskmelon,48.9004849077092,1,1463
muskmelon,22.3165706704642,3,1464
muskmelon,0.949077102317075,3,1465
muskmelon,31.2581981689893,2,1466
muskmelon,47.5988679875656,3,1467
muskmelon,43.9480979701064,1,1468
muskmelon,33.2679620150842,3,1469
muskmelon,6.77111138627047,3,1470
muskmelon,48.1015427592085,3,1471
muskmelon,3.67996565458106,2,1472
muskmelon,20.2095427733839,3,1473
muskmelon,32.8331109376183,3,1474
muskmelon,7.04537142484397,3,1475
muskmelon,19.9936199751404,1,1476
muskmelon,22.9614990050699,3,1477
muskmelon,20.492286443781,2,1478
muskmelon,36.779909768035,3,1479
muskmelon,48.1049206801446,3,1480
muskmelon,31.2881485815984,3,1481
muskmelon,42.0932352111646,2,1482
muskmelon,1.96317923545641,3,1483
muskmelon,7.819564734264,2,1484
muskmelon,15.8701216760448,2,1485
muskmelon,0.586265820331483,2,1486
muskmelon,14.6820900863367,3,1487
muskmelon,2.86018499613957,2,1488
muskmelon,48.0492279944038,3,1489
muskmelon,29.0017847480057,2,1490
muskmelon,34.4168305406098,2,1491
muskmelon,10.9515175404713,1,1492
muskmelon,6.86080755973797,3,1493
muskmelon,28.7913096841972,1,1494
muskmelon,15.5044620591519,3,1495
muskmelon,29.5326222967571,3,1496
muskmelon,14.4298551600472,3,1497
muskmelon,14.507992404251,1,1498
muskmelon,4.04554581030061,3,1499
muskmelon,42.6251940824131,1,1500
apple,27.9062199396322,2,1501
apple,26.2317491194462,1,1502
apple,8.89637860579253,2,1503
apple,16.6169111038247,2,1504
apple,32.8143713713269,1,1505
apple,19.7317770792183,1,1506
apple,23.7224242893409,1,1507
apple,47.0915913341247,3,1508
apple,17.6812746363961,3,1509
apple,9.1717551887112,2,1510
apple,40.011551414497,1,1511
apple,6.6881841882738,1,1512
apple,18.0237169666177,1,1513
apple,7.33006958039081,1,1514
apple,13.1994846498192,1,1515
apple,14.0303347683891,2,1516
apple,38.1139077564498,3,1517
apple,18.0629194801508,3,1518
apple,48.9499590456415,1,1519
apple,23.0545300266129,3,1520
apple,5.18610407975909,1,1521
apple,3.95366625929233,2,1522
apple,4.85770616327591,3,1523
apple,44.2606137932799,3,1524
apple,28.9937804236002,1,1525
apple,26.4101059970288,2,1526
apple,3.81461318139655,2,1527
apple,22.1305601588771,2,1528
apple,37.4829693480207,1,1529
apple,11.5205061942141,3,1530
apple,47.3626273396171,3,1531
apple,11.0604878625397,2,1532
apple,28.5770736923807,1,1533
apple,29.1910184467706,1,1534
apple,27.3746405161103,3,1535
apple,42.9905885653509,2,1536
apple,3.47163700375947,1,1537
apple,36.6997390498239,1,1538
apple,11.0684687753109,3,1539
apple,37.8090870562736,3,1540
apple,25.8108404466123,1,1541
apple,32.6511251720023,1,1542
apple,27.6808052053747,1,1543
apple,26.2761320580537,1,1544
apple,35.2010673568882,1,1545
apple,0.537875354332667,2,1546
apple,40.6325255328278,3,1547
apple,8.71959258889165,1,1548
apple,34.9951282800061,1,1549
apple,34.8500215265993,1,1550
apple,49.1583266984008,1,1551
apple,37.5088166536445,1,1552
apple,43.2500457870913,3,1553
apple,17.4374192844583,3,1554
apple,36.8936971647616,1,1555
apple,7.59129540168529,3,1556
apple,14.6195380598208,3,1557
apple,45.0342371338417,1,1558
apple,20.3415536598349,1,1559
apple,42.5972140837895,1,1560
apple,0.781481925624738,3,1561
apple,17.4353392484824,2,1562
apple,45.5576904291672,1,1563
apple,49.3510902559006,2,1564
apple,41.3201405600203,2,1565
apple,45.8236816209217,2,1566
apple,41.6782117776106,1,1567
apple,22.7178980607106,2,1568
apple,24.2970523838443,2,1569
apple,42.2509395902013,3,1570
apple,8.4478245916529,1,1571
apple,48.3176400044324,3,1572
apple,20.0719508331588,2,1573
apple,42.7153151976797,2,1574
apple,2.19651743292249,2,1575
apple,32.7863356358308,1,1576
apple,21.151099336515,2,1577
apple,36.3076063227557,3,1578
apple,35.1668380966526,3,1579
apple,37.802463072019,2,1580
apple,9.12778657218774,2,1581
apple,46.9055156168941,3,1582
apple,28.5810830233717,1,1583
apple,3.43148293201391,3,1584
apple,23.364534407816,2,1585
apple,48.5739612525049,2,1586
apple,1.24357313789736,1,1587
apple,5.45645676874629,2,1588
apple,40.8209249627524,2,1589
apple,28.4207081511649,3,1590
apple,21.8013018092947,3,1591
apple,36.0330902869545,1,1592
apple,28.0260760371621,3,1593
apple,7.49382343073765,2,1594
apple,20.6290676883456,1,1595
apple,49.3525234073841,2,1596
apple,1.30933179387404,1,1597
apple,32.5983819340345,3,1598
apple,35.7306533232229,3,1599
apple,31.1648417940472,2,1600
orange,27.9243973939013,2,1601
orange,48.8582091948999,2,1602
orange,34.129788302612,2,1603
orange,24.2056488398707,1,1604
orange,3.0809550941842,2,1605
orange,47.8028726654032,2,1606
orange,49.1944897982134,2,1607
orange,15.3351079049593,3,1608
orange,44.335170509577,2,1609
orange,4.96903262264429,1,1610
orange,14.8702764059235,1,1611
orange,14.4169366152522,2,1612
orange,24.6608536033855,3,1613
orange,12.8056559741039,1,1614
orange,38.4348553610197,3,1615
orange,21.6053701428236,3,1616
orange,49.6189501205633,1,1617
orange,24.5408386794514,3,1618
orange,1.81966973492863,1,1619
orange,10.8622767312699,3,1620
orange,19.1582012267955,1,1621
orange,27.6231784505847,1,1622
orange,12.1404790361754,1,1623
orange,38.1869036211894,2,1624
orange,21.2248341689742,1,1625
orange,19.5681017788809,3,1626
orange,19.5864601576583,1,1627
orange,31.5531625330834,1,1628
orange,17.398682933798,1,1629
orange,35.3795580411802,3,1630
orange,2.91008695783312,3,1631
orange,34.7574893693923,1,1632
orange,17.5653202747723,3,1633
orange,25.7767381446179,3,1634
orange,15.2170193681171,3,1635
orange,23.4697906435925,2,1636
orange,26.8054793713963,2,1637
orange,1.60437052278762,1,1638
orange,13.9680368753103,1,1639
orange,19.5157086184431,3,1640
orange,0.141644941397905,2,1641
orange,29.1879387542408,1,1642
orange,46.9383718074723,1,1643
orange,3.45133615732143,2,1644
orange,48.806310286146,2,1645
orange,17.6657981669167,2,1646
orange,38.8074268021565,1,1647
orange,25.1788108396993,1,1648
orange,36.1863729544054,3,1649
orange,16.5035296948188,3,1650
orange,40.7775051118284,1,1651
orange,26.56504773584,3,1652
orange,48.0291604040478,3,1653
orange,43.8924836219954,1,1654
orange,19.362254054353,3,1655
orange,14.4650732249663,2,1656
orange,39.7251707820244,1,1657
orange,43.4612002719812,2,1658
orange,15.2107714676493,3,1659
orange,4.23370967490095,3,1660
orange,46.9079493662845,3,1661
orange,17.4237438261314,1,1662
orange,6.98033080342174,2,1663
orange,34.7232437615211,1,1664
orange,28.5624726331082,2,1665
orange,22.6009338261342,1,1666
orange,35.5036086268012,1,1667
orange,14.0508397975157,1,1668
orange,48.5512318966943,3,1669
orange,20.3213242059124,3,1670
orange,18.5472903935839,1,1671
orange,21.0112904845855,3,1672
orange,0.251000860857703,1,1673
orange,21.4140984456106,3,1674
orange,36.5676929207567,3,1675
orange,29.6195257830101,2,1676
orange,42.2237448608093,2,1677
orange,15.1660637432809,3,1678
orange,1.47953470648842,1,1679
orange,22.7100031360561,3,1680
orange,30.9298599343189,3,1681
orange,49.5873913949624,1,1682
orange,19.0717139325525,1,1683
orange,29.2880268892884,2,1684
orange,38.6612324249056,3,1685
orange,2.60960727442957,2,1686
orange,35.0837539518648,1,1687
orange,14.5515598038244,2,1688
orange,39.651385816812,1,1689
orange,12.1757719117812,2,1690
orange,20.1713473566967,2,1691
orange,25.5715419018784,2,1692
orange,44.601418072556,3,1693
orange,22.3550015147056,2,1694
orange,38.1360311861919,1,1695
orange,37.6103865050851,3,1696
orange,9.69622716678239,3,1697
orange,16.0222618798896,1,1698
orange,30.4474880642788,3,1699
orange,9.22953121990682,2,1700
papaya,14.9363927415126,3,1701
papaya,32.9031147385409,3,1702
papaya,43.0563700003899,2,1703
papaya,20.5731819738925,1,1704
papaya,11.8786446749968,1,1705
papaya,21.5459001023697,1,1706
papaya,11.7358141652938,2,1707
papaya,32.6221835510456,2,1708
papaya,14.3673632484915,3,1709
papaya,37.6992295819101,3,1710
papaya,24.0294894664665,3,1711
papaya,21.2021056985217,1,1712
papaya,39.4348181933055,1,1713
papaya,9.99030023792492,3,1714
papaya,10.8843947238697,3,1715
papaya,5.45962481582665,2,1716
papaya,36.3034883581883,3,1717
papaya,25.9022069420187,1,1718
papaya,6.69318238313831,2,1719
papaya,35.7028452555845,3,1720
papaya,33.1284762186029,1,1721
papaya,29.2369958575874,3,1722
papaya,5.14247775189211,1,1723
papaya,30.3964971998108,2,1724
papaya,41.6764744645648,3,1725
papaya,11.2618845705798,3,1726
papaya,27.8007758795545,2,1727
papaya,25.2492743749871,3,1728
papaya,10.2490378802597,2,1729
papaya,34.3843401961272,1,1730
papaya,48.6257146160998,3,1731
papaya,7.18155480915289,3,1732
papaya,3.75510383895675,1,1733
papaya,2.10140266762011,3,1734
papaya,40.3643266222776,1,1735
papaya,8.80320267414722,1,1736
papaya,22.024747121528,1,1737
papaya,1.41381363595475,3,1738
papaya,28.6195738771302,2,1739
papaya,19.5376140020214,2,1740
papaya,5.49256345807253,3,1741
papaya,38.5371462568546,1,1742
papaya,25.6052972548452,1,1743
papaya,36.7434964762253,1,1744
papaya,24.2410403012276,2,1745
papaya,44.5721281003125,3,1746
papaya,8.62933560399205,1,1747
papaya,39.7971885606226,3,1748
papaya,41.6923535397087,1,1749
papaya,0.71324937125537,1,1750
papaya,40.9434919337652,3,1751
papaya,29.7735844623107,1,1752
papaya,8.91150910225684,2,1753
papaya,43.57404833186,1,1754
papaya,31.2630322680851,1,1755
papaya,22.1940220396806,2,1756
papaya,30.885049689178,2,1757
papaya,19.5165903259482,3,1758
papaya,27.2368298693051,2,1759
papaya,20.2446741194066,2,1760
papaya,2.29782050290764,3,1761
papaya,27.1267453524296,3,1762
papaya,24.4630136934826,1,1763
papaya,30.6832818799892,1,1764
papaya,15.7475260804998,1,1765
papaya,25.0311189788939,1,1766
papaya,35.0172124185996,2,1767
papaya,39.3385280503105,3,1768
papaya,10.1639855359924,2,1769
papaya,9.38705629030491,1,1770
papaya,5.16264485439829,1,1771
papaya,43.0080306098539,1,1772
papaya,16.4693396782812,3,1773
papaya,46.8604186832688,2,1774
papaya,41.5213102931661,2,1775
papaya,4.45512481185491,3,1776
papaya,34.3229804104865,3,1777
papaya,41.2075108500726,1,1778
papaya,47.8072674525179,2,1779
papaya,1.02797104302873,1,1780
papaya,34.9922929959387,3,1781
papaya,29.3011328012146,1,1782
papaya,9.1722701878795,3,1783
papaya,46.5589175633333,3,1784
papaya,45.7956207707636,3,1785
papaya,31.0567624837855,2,1786
papaya,22.3345657014805,1,1787
papaya,20.466353553402,3,1788
papaya,36.9320011842988,3,1789
papaya,19.4091059107011,3,1790
papaya,4.13516014123673,2,1791
papaya,33.0209161969533,2,1792
papaya,34.9646938230782,2,1793
papaya,49.8418596427752,2,1794
papaya,41.2626510737667,3,1795
papaya,11.2777268875423,2,1796
papaya,22.6880497893063,1,1797
papaya,8.04205629681713,2,1798
papaya,49.5239145042174,2,1799
papaya,32.7185524634572,3,1800
coconut,28.7827861276175,1,1801
coconut,33.5441866132364,1,1802
coconut,47.7886649669286,2,1803
coconut,40.3458659724033,2,1804
coconut,26.9568964190485,3,1805
coconut,44.9526060086927,3,1806
coconut,35.9720307839079,2,1807
coconut,32.3766060636183,2,1808
coconut,38.1834060759755,3,1809
coconut,22.1752168984809,1,1810
coconut,38.7629522304852,2,1811
coconut,35.9305218594811,3,1812
coconut,8.38110281884522,2,1813
coconut,9.88474019296624,2,1814
coconut,41.8140230451828,2,1815
coconut,4.4635301060318,1,1816
coconut,18.550187281459,3,1817
coconut,11.5983097535657,1,1818
coconut,10.0141362160865,3,1819
coconut,44.1358385130484,3,1820
coconut,30.1151910220369,2,1821
coconut,11.3777229829919,2,1822
coconut,29.650833334357,1,1823
coconut,25.1294555536207,1,1824
coconut,5.56980528877399,3,1825
coconut,3.63390738746454,1,1826
coconut,33.9542803536726,1,1827
coconut,1.70144406141455,1,1828
coconut,46.130593734558,3,1829
coconut,46.9321147490321,2,1830
coconut,2.72902785525253,1,1831
coconut,28.6586820099083,2,1832
coconut,33.1847112197965,2,1833
coconut,16.3772629635831,3,1834
coconut,38.6136594799138,1,1835
coconut,20.9339502918879,2,1836
coconut,39.3722549448359,1,1837
coconut,2.77236713274843,2,1838
coconut,21.6182550431469,1,1839
coconut,3.83574466134223,1,1840
coconut,5.48426531463873,1,1841
coconut,13.2754421415243,1,1842
coconut,43.6902537489072,2,1843
coconut,11.2935824687049,3,1844
coconut,44.0795325582949,3,1845
coconut,16.3445198907314,1,1846
coconut,10.697940754976,3,1847
coconut,39.6775273821927,1,1848
coconut,48.2386721969431,2,1849
coconut,21.7644671332491,3,1850
coconut,46.5860858166176,2,1851
coconut,48.1268710243753,3,1852
coconut,34.7023635480622,1,1853
coconut,9.47207576865824,1,1854
coconut,0.288603668204751,2,1855
coconut,2.20552441191764,2,1856
coconut,7.34274931818128,2,1857
coconut,37.7427447932249,2,1858
coconut,41.0184695572933,1,1859
coconut,18.0840486181978,3,1860
coconut,19.5309838324505,3,1861
coconut,29.065973393824,3,1862
coconut,23.0335019999142,3,1863
coconut,9.76322669578053,2,1864
coconut,11.7212118766804,2,1865
coconut,41.2665100542213,1,1866
coconut,22.8663896520853,2,1867
coconut,41.322494437908,3,1868
coconut,18.9491846209932,3,1869
coconut,26.7786271103117,2,1870
coconut,20.6247271188198,3,1871
coconut,3.90080149426227,2,1872
coconut,47.2152935912113,1,1873
coconut,0.658526826290917,3,1874
coconut,49.5857364551926,1,1875
coconut,26.3069407969642,3,1876
coconut,8.89072643789647,1,1877
coconut,33.8739439052991,1,1878
coconut,13.1108575788135,2,1879
coconut,1.49043237796819,3,1880
coconut,29.8096475841951,1,1881
coconut,32.1645733228651,3,1882
coconut,0.346853776190797,2,1883
coconut,3.44301122970406,2,1884
coconut,15.4363615787575,1,1885
coconut,5.17357013746422,3,1886
coconut,9.83902356402078,1,1887
coconut,5.57197668230028,2,1888
coconut,38.3119494569456,3,1889
coconut,20.4464614030521,1,1890
coconut,47.6070176184858,2,1891
coconut,43.2032174665683,1,1892
coconut,18.8277923405802,1,1893
coconut,15.5434298705018,1,1894
coconut,42.472746862084,2,1895
coconut,0.650495067016188,1,1896
coconut,36.8961485363443,2,1897
coconut,19.6900230205021,1,1898
coconut,6.08370736728589,1,1899
coconut,11.0677608348093,3,1900
cotton,38.4613496337646,2,1901
cotton,15.3076445841726,1,1902
cotton,0.772017922302659,3,1903
cotton,7.7608456130557,3,1904
cotton,33.4005837495908,2,1905
cotton,29.254426470281,2,1906
cotton,10.8356366421982,1,1907
cotton,35.270455685965,2,1908
cotton,18.7518745326502,2,1909
cotton,49.152541957163,1,1910
cotton,31.8480732846521,3,1911
cotton,31.4769691011522,1,1912
cotton,12.9256440490478,3,1913
cotton,47.4429888383612,1,1914
cotton,18.0374608596416,2,1915
cotton,14.8021246001301,3,1916
cotton,19.5714377054595,2,1917
cotton,48.3498052926256,2,1918
cotton,18.1757634586793,1,1919
cotton,10.9038053858396,3,1920
cotton,39.8493252272885,3,1921
cotton,16.0569232142495,3,1922
cotton,13.3851195039283,3,1923
cotton,20.0227046683552,2,1924
cotton,38.1730586145907,2,1925
cotton,44.415603284541,3,1926
cotton,3.05180965589609,1,1927
cotton,47.0262002333828,1,1928
cotton,27.2121370086296,1,1929
cotton,38.8994946103354,1,1930
cotton,48.2934660617072,3,1931
cotton,31.2919002390374,2,1932
cotton,46.3678459391591,2,1933
cotton,16.3109888221394,2,1934
cotton,22.5652562266862,3,1935
cotton,32.933887648066,3,1936
cotton,5.83469740692185,1,1937
cotton,34.006209353796,1,1938
cotton,5.9130484620571,3,1939
cotton,32.8635621902962,3,1940
cotton,36.2642927290966,1,1941
cotton,30.1144033596779,2,1942
cotton,15.6112208680863,2,1943
cotton,24.5150878514052,1,1944
cotton,6.77160878002099,3,1945
cotton,32.3589448218217,1,1946
cotton,17.7125282140435,3,1947
cotton,40.6807799149563,2,1948
cotton,35.1101886852843,1,1949
cotton,43.9161870445457,3,1950
cotton,19.8775290985029,3,1951
cotton,6.20216061764495,3,1952
cotton,22.0211387627344,1,1953
cotton,44.5791705543343,1,1954
cotton,17.9563916413125,2,1955
cotton,3.85388738325829,1,1956
cotton,32.2128119154393,3,1957
cotton,30.754664622235,2,1958
cotton,3.67282591780714,2,1959
cotton,0.822809723895817,2,1960
cotton,29.7660993780433,1,1961
cotton,43.9685219447396,1,1962
cotton,23.4153352057171,3,1963
cotton,27.0631491324999,3,1964
cotton,48.8740231593669,2,1965
cotton,31.8623101211578,2,1966
cotton,16.7594170876991,3,1967
cotton,2.84775661723175,2,1968
cotton,10.9755379713067,2,1969
cotton,14.3556241874489,1,1970
cotton,38.1936214677487,2,1971
cotton,0.603190005787357,3,1972
cotton,36.6174522884144,3,1973
cotton,35.8852029989567,3,1974
cotton,47.5936216842859,3,1975
cotton,30.5041327781642,2,1976
cotton,13.9607545289856,1,1977
cotton,22.3168504346747,2,1978
cotton,4.2486631346461,1,1979
cotton,3.10414592426493,1,1980
cotton,39.2764810495181,1,1981
cotton,40.8434161056683,3,1982
cotton,17.0951884607788,1,1983
cotton,34.3335359035438,3,1984
cotton,29.8112756733523,3,1985
cotton,19.2107683825869,1,1986
cotton,3.97674993362999,2,1987
cotton,39.7306860940925,2,1988
cotton,10.39294172896,1,1989
cotton,40.4709250429555,1,1990
cotton,44.9138928546569,1,1991
cotton,30.2725330523281,2,1992
cotton,15.7864057297116,1,1993
cotton,2.36166278533991,1,1994
cotton,7.23703143975971,1,1995
cotton,23.7032252223011,2,1996
cotton,12.8467628978587,3,1997
cotton,3.12139789313665,1,1998
cotton,45.0255245120491,3,1999
cotton,28.8157735964676,3,2000
jute,43.1051842959664,1,2001
jute,16.8094340224828,3,2002
jute,23.3919240065082,2,2003
jute,16.8623492441393,2,2004
jute,16.031511525305,1,2005
jute,20.7251703925629,1,2006
jute,3.62266381894679,2,2007
jute,24.8322844709144,2,2008
jute,2.56118920000238,1,2009
jute,20.9513393063909,1,2010
jute,30.2171677055249,2,2011
jute,5.54547659472534,2,2012
jute,21.7624855983415,2,2013
jute,47.6780451952781,2,2014
jute,1.66379851977983,3,2015
jute,6.4781225844165,1,2016
jute,49.6588438037264,1,2017
jute,7.41774904557729,2,2018
jute,44.3763220577437,2,2019
jute,22.2211724119118,2,2020
jute,22.1505852698055,2,2021
jute,41.7889397801761,2,2022
jute,14.7351067814702,3,2023
jute,32.9750099265557,2,2024
jute,36.7288430978276,2,2025
jute,20.1172787196891,3,2026
jute,13.6357705872364,1,2027
jute,26.6389404654347,3,2028
jute,14.0756849875589,2,2029
jute,21.4298671046633,1,2030
jute,42.0564049035161,3,2031
jute,4.63515510279268,3,2032
jute,33.240860469289,1,2033
jute,6.04421755317124,1,2034
jute,6.39897823410239,2,2035
jute,27.7185159180843,3,2036
jute,38.5076607873192,1,2037
jute,3.0383432774663,1,2038
jute,49.7512575879285,2,2039
jute,47.4576022208658,2,2040
jute,27.5444273542523,2,2041
jute,20.8626645010373,2,2042
jute,41.3467259541444,2,2043
jute,34.8044267828833,3,2044
jute,8.58577255860071,3,2045
jute,45.2008937364215,2,2046
jute,15.8081481306736,1,2047
jute,32.8193416572643,3,2048
jute,17.1957413469481,1,2049
jute,23.7179923167962,1,2050
jute,35.0645284122575,3,2051
jute,3.53829861855053,3,2052
jute,31.0109744031304,3,2053
jute,5.31956638714165,3,2054
jute,39.6832924398867,2,2055
jute,27.6991222275212,3,2056
jute,41.4812783115964,2,2057
jute,31.7070211489842,3,2058
jute,5.75206887149177,2,2059
jute,28.0250864894474,2,2060
jute,43.2556742787171,2,2061
jute,21.2686107400076,2,2062
jute,44.688888088796,1,2063
jute,23.0271559089003,1,2064
jute,33.3977623223777,2,2065
jute,0.0177564878703462,3,2066
jute,8.69963304572852,3,2067
jute,10.5546509950589,2,2068
jute,3.94187966560135,1,2069
jute,37.0247255973066,2,2070
jute,39.0949614233782,3,2071
jute,41.7332093757023,3,2072
jute,32.3528934748072,1,2073
jute,25.3252210005884,3,2074
jute,16.5626453752185,2,2075
jute,35.1012637830278,3,2076
jute,18.8434560147351,3,2077
jute,42.1264078958299,3,2078
jute,33.064775430513,2,2079
jute,44.0752238686129,1,2080
jute,9.48596394688337,2,2081
jute,12.10843553507,2,2082
jute,36.3049767472216,1,2083
jute,35.1454385473825,3,2084
jute,49.7317207554481,3,2085
jute,31.897183482156,2,2086
jute,26.2104583875664,1,2087
jute,20.5085779157698,3,2088
jute,36.6374085730085,2,2089
jute,24.7071193460855,1,2090
jute,34.2764610708654,3,2091
jute,0.464691604423539,2,2092
jute,44.0125135050143,1,2093
jute,37.8972319098322,1,2094
jute,38.7584315476887,2,2095
jute,0.232199326690624,2,2096
jute,1.31220561647898,1,2097
jute,30.0569257251892,3,2098
jute,12.728337345345,2,2099
jute,49.5977984001775,1,2100
coffee,34.6044501422026,2,2101
coffee,34.5724475577184,1,2102
coffee,38.120491726838,1,2103
coffee,14.8380597953505,3,2104
coffee,28.8227368098899,1,2105
coffee,34.3738952403179,2,2106
coffee,17.6050238666448,2,2107
coffee,27.8898439187516,1,2108
coffee,21.3528095023083,2,2109
coffee,24.5309388323052,3,2110
coffee,20.2973994555959,1,2111
coffee,45.5044057915295,1,2112
coffee,25.0318340989303,2,2113
coffee,20.5388026592282,1,2114
coffee,47.4208338164076,3,2115
coffee,7.14331087996009,3,2116
coffee,2.69456114842819,1,2117
coffee,2.15994212185097,2,2118
coffee,46.0673895465115,2,2119
coffee,21.1109007668489,1,2120
coffee,10.6726722964076,2,2121
coffee,3.59396480600869,2,2122
coffee,40.0425761342517,3,2123
coffee,43.076193503941,1,2124
coffee,27.0285614457992,3,2125
coffee,48.0316208190548,2,2126
coffee,30.1773673968953,2,2127
coffee,33.6970069459777,3,2128
coffee,3.44674777279517,3,2129
coffee,30.9465440183931,1,2130
coffee,2.78177697054545,1,2131
coffee,2.15644206789903,2,2132
coffee,20.4925732305536,1,2133
coffee,39.8469154401101,3,2134
coffee,8.72806373384159,1,2135
coffee,46.1147508296722,3,2136
coffee,42.1709828751919,1,2137
coffee,38.8277530090967,2,2138
coffee,9.84605033684989,3,2139
coffee,24.9460836501051,3,2140
coffee,11.6377253722549,1,2141
coffee,31.4909268817521,2,2142
coffee,19.2634548898005,3,2143
coffee,10.7868272168007,2,2144
coffee,36.3415530977939,2,2145
coffee,1.5118172905314,3,2146
coffee,1.82332068782268,1,2147
coffee,19.2865426377613,2,2148
coffee,6.83055830228606,3,2149
coffee,27.8443428890522,2,2150
coffee,42.783855489134,2,2151
coffee,39.4184386444039,1,2152
coffee,19.0130922556074,3,2153
coffee,0.516971074202166,2,2154
coffee,10.079795388537,1,2155
coffee,28.4960120443027,3,2156
coffee,36.8290163149578,1,2157
coffee,28.9404887679928,2,2158
coffee,16.8124773451919,1,2159
coffee,33.5510750537421,1,2160
coffee,49.1749360666875,2,2161
coffee,1.11756267423268,2,2162
coffee,45.8195161188616,2,2163
coffee,27.3415989026915,2,2164
coffee,23.5141334832594,1,2165
coffee,42.5339648397471,2,2166
coffee,36.2089662257103,1,2167
coffee,22.3015652534192,2,2168
coffee,37.7569586311244,3,2169
coffee,13.4399632359322,3,2170
coffee,31.0695369380506,3,2171
coffee,5.42051046997278,1,2172
coffee,9.66209681504836,3,2173
coffee,31.0098622392983,2,2174
coffee,39.5945575771794,1,2175
coffee,43.8805342059509,3,2176
coffee,32.7853922426765,1,2177
coffee,2.00787986457539,3,2178
coffee,14.8365677322396,3,2179
coffee,44.9943510929526,2,2180
coffee,20.5249027720715,1,2181
coffee,26.8702622119805,1,2182
coffee,6.00799129617375,3,2183
coffee,39.1509564699787,1,2184
coffee,36.2529239847742,3,2185
coffee,13.3209519672077,3,2186
coffee,13.2926376819301,2,2187
coffee,15.7426235796051,2,2188
coffee,49.1898993697039,2,2189
coffee,21.5486428953147,3,2190
coffee,0.38507810732779,3,2191
coffee,22.823900390909,3,2192
coffee,34.9237992096791,3,2193
coffee,1.73781887625613,3,2194
coffee,33.2609226712504,2,2195
coffee,31.4156184827263,3,2196
coffee,18.7975096580186,2,2197
coffee,38.805888450916,2,2198
coffee,8.39549778478489,1,2199
coffee,26.7849961836971,2,2200
